path,ref,hyp
common_voice_bn_30992467.mp3,পিমকুক,কিরকুক
common_voice_bn_30992467.mp3,এয়লাবামায়,এলাবামায়
common_voice_bn_30993879.mp3,টরেন্টরতে,টরেন্টোতে
common_voice_bn_30995382.mp3,সর্বর্হ,সর্বরাহ
common_voice_bn_30997157.mp3,রাহুলএর,রাহুলের
common_voice_bn_30998600.mp3,প্রজাতন্ত্রএর,প্রজাতন্ত্রের
common_voice_bn_30999343.mp3,চেনেপা,চেনেনা
common_voice_bn_30999700.mp3,অ্যাটল্যান্টিক,অ্যাটল্যান্টিকের
common_voice_bn_30999701.mp3,বায়োইনফর্মেটিক্স,বায়োইনফরমেটিক্স
common_voice_bn_31000059.mp3,উপলধ্ব।,উপলধ্বি
common_voice_bn_31001476.mp3,গটেং,গেল
common_voice_bn_31002172.mp3,ট্রান্সভাল,ট্রান্সফার
common_voice_bn_31002924.mp3,মন্ত্রণার,যন্ত্রণার
common_voice_bn_31002927.mp3,পচিমে,পচিয়ে
common_voice_bn_31003004.mp3,প্রস্থেটিকস।,প্রস্থেটিক
common_voice_bn_31003409.mp3,উন্মুক্তচাবি,উন্মুক্তভাবে
common_voice_bn_31005485.mp3,স্ট্রী।,স্ট্রীট
common_voice_bn_31005606.mp3,স্ক্যান্ডিনেভিয়ার,য়ার
common_voice_bn_31006569.mp3,প্রোয়েশিয়া,ক্রোয়েশিয়া
common_voice_bn_31007732.mp3,ফিকাহএর,ফিকাহের
common_voice_bn_31007783.mp3,ইগোল্স,গোল্ড
common_voice_bn_31008375.mp3,পর্যাবর্তনের,প্রত্যাবর্তনের
common_voice_bn_31008951.mp3,ত্তর,উত্তর
common_voice_bn_31008951.mp3,উত্তরদক্ষিণে,উত্তরদক্ষিণের
common_voice_bn_31010243.mp3,গডার্ডের,গার্ডের
common_voice_bn_31011044.mp3,যুগস্লোভিয়ার,যুগোস্লাভিয়ার
common_voice_bn_31011770.mp3,বিবর্জনক,বিপজ্জনক
common_voice_bn_31013230.mp3,অনুপ্রাণিতআলকাদির,দির
common_voice_bn_31013547.mp3,নিবীর,নবীর
common_voice_bn_31015891.mp3,বিশ্ববিদ্যালয়টিতে।,ও
common_voice_bn_31021006.mp3,আসকএর,আসকার
common_voice_bn_31021054.mp3,সমঙল,সমতল
common_voice_bn_31021054.mp3,সেঞ্চুরিক,সেঞ্চুরি
common_voice_bn_31021222.mp3,সলু।,বলুন
common_voice_bn_31021265.mp3,গাছপান,গাছবান
common_voice_bn_31021333.mp3,হ্যাডির,হ্যারির
common_voice_bn_31021541.mp3,সরিস্ত,সমস্ত
common_voice_bn_31021634.mp3,তৎকনার,তখনকার
common_voice_bn_31021685.mp3,তৃশুল,তুমুল
common_voice_bn_31022072.mp3,মুক্তিযদ্ধে,মুক্তিযুদ্ধে
common_voice_bn_31034037.mp3,শদ্বতি,শদ্বটি
common_voice_bn_31035707.mp3,ধ্যানেজ্ঞানে,ধ্যানজ্ঞান
common_voice_bn_31039309.mp3,উপযার্যের,উপাচার্যের
common_voice_bn_31156604.mp3,ত্রুপির,ত্রুটির
common_voice_bn_31508421.mp3,এবণ,এবং
common_voice_bn_31508549.mp3,ফেরদ্রসি,ফেরদৌসি
common_voice_bn_31508578.mp3,বখাল,বাল
common_voice_bn_31508698.mp3,হনবিশেষত,বিশেষত
common_voice_bn_31508758.mp3,হেপিহিপি,হিপিডিপি
common_voice_bn_31508795.mp3,তরণের,ধরণের
common_voice_bn_31508892.mp3,ভিতির,ভিসির
common_voice_bn_31509068.mp3,উত্তরপূর্বাঞ্চলীয়,যে
common_voice_bn_31509221.mp3,রাজন্যব্রাহ্মণক্ষত্রোপেত,পেতে
common_voice_bn_31509264.mp3,আগ্রাহ,আগ্রহ
common_voice_bn_31509294.mp3,মড্যটির,অন্যটির
common_voice_bn_31509419.mp3,েলা,বলা
common_voice_bn_31509628.mp3,আলআকসা,আকসা
common_voice_bn_31509665.mp3,আলবাথ,আলবার
common_voice_bn_31509713.mp3,ঐ্চিহ্য,ঐতিহ্য
common_voice_bn_31509739.mp3,আধ্যালিক,আধ্যাতিক
common_voice_bn_31509801.mp3,চিন্টা,চিন্তা
common_voice_bn_31509854.mp3,চার্টস,চার্লস
common_voice_bn_31510020.mp3,কান্ডেও,কান্ডের
common_voice_bn_31510284.mp3,ফিলান্সার,ফিনান্সের
common_voice_bn_31510298.mp3,আন্দোলবী,আন্দোলন
common_voice_bn_31510389.mp3,ক্ষু্,ক্ষুর
common_voice_bn_31510425.mp3,পাঞ্চাপের,পাঞ্চাবের
common_voice_bn_31510887.mp3,মাইক্রোনেশীয়,মাইক্রোনেশিয়া
common_voice_bn_31511061.mp3,পদসম্বরের,পয়গম্বরের
common_voice_bn_31511101.mp3,কোর্ডের,বোর্ডের
common_voice_bn_31511257.mp3,ডিজডারের,ডিনারের
common_voice_bn_31511280.mp3,প্রতিশ্রুতিশীলতার,র
common_voice_bn_31511412.mp3,প্রায়সী,প্রেয়সী
common_voice_bn_31511489.mp3,ডাকটার,ডাকার
common_voice_bn_31511501.mp3,অস্থাগার,শস্যাগার
common_voice_bn_31511573.mp3,তুন্ড,কুন্ড
common_voice_bn_31511618.mp3,মানম্দতির,মানমন্দির
common_voice_bn_31511637.mp3,নিম্নঅঞ্চল,নিম্নাঞ্চল
common_voice_bn_31511805.mp3,স্টনে।,স্টেট
common_voice_bn_31511865.mp3,নিরক্ষত্যা,নিলক্ষ্যা
common_voice_bn_31511930.mp3,অলোনীয়,কলোনী
common_voice_bn_31511931.mp3,সম্পৃক্ঞতা,সম্পৃক্ততা
common_voice_bn_31511933.mp3,টিএমসিএর,টিএসসির
common_voice_bn_31512024.mp3,ঠীরে,ধীরে
common_voice_bn_31512189.mp3,আল্লারাখতে,আল্লারাখা
common_voice_bn_31512201.mp3,সংবাদাতা,সংবাদদাতা
common_voice_bn_31512466.mp3,সাহিত্যিকরাও,সাহিত্যিকরা
common_voice_bn_31512466.mp3,পরক্ষভাবে,পরোক্ষভাবে
common_voice_bn_31512706.mp3,ক্সেন্স,সেন্স
common_voice_bn_31513062.mp3,িছু,কিছু
common_voice_bn_31513107.mp3,থেিকে,থেকে
common_voice_bn_31513110.mp3,দায়িতদায়িত্ব,দায়দায়িত্ব
common_voice_bn_31513372.mp3,টেলিভিম,টেলিভিশন
common_voice_bn_31513372.mp3,জনার্দনএক,জনার্দন
common_voice_bn_31513944.mp3,দক্ষিণাঞ্,দক্ষিণাঞ্চল
common_voice_bn_31513995.mp3,মধযাকার,মধ্যাকার
common_voice_bn_31514151.mp3,সুগন্ধময়।,সুগন্ধময়
common_voice_bn_31514180.mp3,কুদৈতিক,কুটনৈতিক
common_voice_bn_31514451.mp3,এখনার,এখনকার
common_voice_bn_31514652.mp3,গণিষ্ঠভাবে,ঘনিষ্ঠভাবে
common_voice_bn_31514697.mp3,বইগাটিক,বাটিক
common_voice_bn_31514929.mp3,ক্যান্টারবারির,ক্যান্টারবেরির
common_voice_bn_31515043.mp3,পর্যন্গ,পর্যন্ত
common_voice_bn_31515126.mp3,মিচেয়ার,মিডিয়ার
common_voice_bn_31515279.mp3,অধডিনা,অধিনে
common_voice_bn_31515488.mp3,আবেকোন,আবেদন
common_voice_bn_31515658.mp3,গ্লুচেস্টারশায়ারের,রের
common_voice_bn_31515771.mp3,হর্মন,হর্ন
common_voice_bn_31515866.mp3,সর্বহ,সর্ব
common_voice_bn_31516124.mp3,অপাহের,পায়ের
common_voice_bn_31516236.mp3,রানার্সকে,রানার্স
common_voice_bn_31516341.mp3,্তান্তরের,মতান্তরের
common_voice_bn_31516351.mp3,যোগদের,যোগের
common_voice_bn_31516535.mp3,পশ্টিয়া,পশ্চিমা
common_voice_bn_31516535.mp3,উত্তরপ্চমের,উত্তরপশ্চিমের
common_voice_bn_31516536.mp3,অনির্বাহী,নির্বাহী
common_voice_bn_31516736.mp3,্বত্র,সবত্র
common_voice_bn_31517160.mp3,স্টাডিসএর,স্টাডিসের
common_voice_bn_31517178.mp3,আলহিরা,আলভিরা
common_voice_bn_31517244.mp3,চলাতার,চালতার
common_voice_bn_31517244.mp3,নিচিদ,নিচি
common_voice_bn_31517259.mp3,ম্যাথরিশ,ম্যারি
common_voice_bn_31517717.mp3,উইদাল।,উইদাউট
common_voice_bn_31518068.mp3,বাগাবাহিকভাবে,ধারাবাহিকভাবে
common_voice_bn_31518068.mp3,পঞ্চরার,পঞ্চসার
common_voice_bn_31519094.mp3,াতীয়সড়বউন্প্রকল্পের,প্রকল্পের
common_voice_bn_31519176.mp3,চতুরত,চতুর
common_voice_bn_31519189.mp3,ভ্যাংটেশ,ভ্যাটের
common_voice_bn_31519297.mp3,ভলের,দলের
common_voice_bn_31519424.mp3,লাতভিয়ায়,লাতভিয়া
common_voice_bn_31519666.mp3,আলখালিফা,আলখাল্লা
common_voice_bn_31519788.mp3,সম্পৃতি,সম্পতি
common_voice_bn_31519815.mp3,আলআক্তারকে,আক্তারকে
common_voice_bn_31519952.mp3,সেদন্দাথ,সেন্দাই
common_voice_bn_31520035.mp3,চানটি,চারটি
common_voice_bn_31520285.mp3,নিংয়ে,নিয়ে
common_voice_bn_31520303.mp3,সঙ্গীতশিল্পীএর,সঙ্গীতশিল্পীর
common_voice_bn_31520408.mp3,গালিয়াকোর,কালিয়াকৈর
common_voice_bn_31520504.mp3,অ্যাংলোস্যাক্সন,এযাংলোস্যাক্সন
common_voice_bn_31520561.mp3,অর্থোডেক্স,অর্থোডক্স
common_voice_bn_31520808.mp3,যকরাষ্ট্র,রাষ্ট্র
common_voice_bn_31520808.mp3,যু্তরাষ্ট্র,যুক্তরাষ্ট্র
common_voice_bn_31520838.mp3,ুরস্কার,পুরস্কার
common_voice_bn_31520845.mp3,ইরিষি,পরিষদ
common_voice_bn_31520942.mp3,জনস্মৃতি,জীবনস্মৃতি
common_voice_bn_31520972.mp3,ওপন্যাস,উপন্যাস
common_voice_bn_31521086.mp3,অনুশালনও,অনুশীলনও
common_voice_bn_31521187.mp3,ছলন,ছলনা
common_voice_bn_31521236.mp3,নিগটবর্তি,নিকটবর্তি
common_voice_bn_31521236.mp3,তুলউয়ারে,তলোয়ারে
common_voice_bn_31521666.mp3,আলসারি,আনসারি
common_voice_bn_31522127.mp3,রকারের,সরকারের
common_voice_bn_31522141.mp3,প্রাত্যনা,প্রাপ্যতা
common_voice_bn_31522175.mp3,নেতিবিন্দ,নেতৃবিন্দ
common_voice_bn_31522394.mp3,অনুভমিক,অনুভূমিক
common_voice_bn_31522406.mp3,উর্ধভাসী,উর্ধগামী
common_voice_bn_31522517.mp3,আশারীয়,আশ্রয়
common_voice_bn_31522607.mp3,পরিকল্না,পরিকল্পনা
common_voice_bn_31522667.mp3,বীজগণীতিক,বীজগাণিতিক
common_voice_bn_31522729.mp3,গ্রেজিয়েট,গ্রেজুয়েট
common_voice_bn_31522749.mp3,তরিকের,তর্কের
common_voice_bn_31522755.mp3,কনেবু।,নেবু
common_voice_bn_31522841.mp3,উনুসত্তরের,উনসত্তরের
common_voice_bn_31523019.mp3,নিগোষ্ঠীর,নৃগোষ্ঠীর
common_voice_bn_31523146.mp3,ওয়ালিংটনে,ওয়াশিংটনে
common_voice_bn_31523287.mp3,টোড়া,জোড়া
common_voice_bn_31523357.mp3,এক্সপ্রেকসয়টি,এক্সপ্রেসটি
common_voice_bn_31523605.mp3,উমরাষ্ট্রকে,রাষ্ট্রকে
common_voice_bn_31523721.mp3,ষয়তা,হয়তা
common_voice_bn_31523949.mp3,শুরুতিকেই,শুরুতেই
common_voice_bn_31524138.mp3,্ধরুষ,পুরুষ
common_voice_bn_31524186.mp3,রবর্তীতে,পরবর্তীতে
common_voice_bn_31524284.mp3,মন্দদরী,মন্দোদরী
common_voice_bn_31524388.mp3,অস্ত্রনির্মাণশালা।,ও
common_voice_bn_31524502.mp3,মাদ্রাসারা,মাদ্রাসার
common_voice_bn_31524615.mp3,শিক্ষয়,শিক্ষা
common_voice_bn_31524664.mp3,নেপোলীয়,নেপালীয়
common_voice_bn_31524791.mp3,অলিনিয়া,অলিভিয়া
common_voice_bn_31524802.mp3,ইভেন্টগুলে,ইভেন্টগুলো
common_voice_bn_31524933.mp3,সংগ্রহসলায়,সংগ্রহশালায়
common_voice_bn_31525034.mp3,হুতাক,হুতাশ
common_voice_bn_31525039.mp3,ফুলতলায়,ফুলতলা
common_voice_bn_31525146.mp3,উৎ্থাপন,উত্থান
common_voice_bn_31525268.mp3,সিলযটি,সিলেটি
common_voice_bn_31525268.mp3,মাধোগ্রাম,মনোগ্রাম
common_voice_bn_31525268.mp3,অচমাধমিক,মাধমিক
common_voice_bn_31525611.mp3,মুসিদাবাদ,মুর্দাবাদ
common_voice_bn_31525725.mp3,সপচেয়ে,সবচেয়ে
common_voice_bn_31525736.mp3,আলহাম্বরাএর,আলহাম্বরা
common_voice_bn_31525772.mp3,রাসনিক,রাসিক
common_voice_bn_31525960.mp3,রিকল্পনা,পরিকল্পনা
common_voice_bn_31526076.mp3,জাহাঙ্গেরের,জাহাঙ্গীরের
common_voice_bn_31526169.mp3,কটেল,কয়েল
common_voice_bn_31526219.mp3,অমিতবী,অমিত
common_voice_bn_31526278.mp3,ককপ্রদার,একপ্রকার
common_voice_bn_31526296.mp3,সড়যন্ত্রে,ষড়যন্ত্রে
common_voice_bn_31526341.mp3,রেকর্ডি,রেকর্ড
common_voice_bn_31526571.mp3,মগঘুরাই,মাদুরাই
common_voice_bn_31526727.mp3,প্লাসটি।,প্লাস্টিক
common_voice_bn_31526973.mp3,মাার,মজার
common_voice_bn_31527244.mp3,প্রচানের,প্রদানের
common_voice_bn_31527271.mp3,নৈশাপুর।,নিশাপুর
common_voice_bn_31527424.mp3,স্থকিত,স্থগিত
common_voice_bn_31527523.mp3,হাললাদার।,হাওলাদার
common_voice_bn_31527669.mp3,বৃত্তৃত্ব,নেত্তৃত্ব
common_voice_bn_31527761.mp3,খদ্য,খাদ্য
common_voice_bn_31527787.mp3,চক্রীয়,চক্রী
common_voice_bn_31527858.mp3,ইনফ্যান্টি,ইনফ্যান্ট
common_voice_bn_31528036.mp3,হাঁসমুরগি,হাঁসমুরগির
common_voice_bn_31528284.mp3,মূল্নয়ক,মূলনায়ক
common_voice_bn_31528284.mp3,মহরুম,মরহুম
common_voice_bn_31528367.mp3,পর্যতরণ,প্তরণ
common_voice_bn_31528378.mp3,স্বাক্ষ,স্বাক্ষর
common_voice_bn_31528525.mp3,শদুয়েক।,শদুয়েক
common_voice_bn_31528785.mp3,আসংখ্যা,সংখ্যা
common_voice_bn_31529046.mp3,পাসিংএ,পাসিং
common_voice_bn_31529193.mp3,ক্রিণাত্মকভাবে,আক্রমণাত্মকভাবে
common_voice_bn_31529298.mp3,আলজামিয়া,আলামিয়া
common_voice_bn_31529298.mp3,মাধ্ভামমে,মাধ্যামে
common_voice_bn_31529336.mp3,বিশ্ববিদ্যালয়গুলিতে,গুলিতে
common_voice_bn_31529433.mp3,রানতক,জানতে
common_voice_bn_31529453.mp3,কমিউসদের,কমিকসের
common_voice_bn_31529697.mp3,পদ্যমি।,পদ্যটি
common_voice_bn_31529899.mp3,দুচারটি,দুচারটে
common_voice_bn_31529911.mp3,সিকেন্ট।,সিমেন্ট
common_voice_bn_31530184.mp3,ভূআকৃতি,আকৃতি
common_voice_bn_31530322.mp3,মাত্রাতিরিক্র,মাত্রাতিরিক্ত
common_voice_bn_31530327.mp3,অবস্থিতযা,অবস্থিত
common_voice_bn_31530327.mp3,প্রয়োজনিতর,প্রয়োজনের
common_voice_bn_31530383.mp3,চারপ্তানী,রপ্তানী
common_voice_bn_31530422.mp3,ডানাতি,ডাকাতি
common_voice_bn_31530936.mp3,আসমীয়া,আসমা
common_voice_bn_31530989.mp3,গ্ল্যামারগনের,গ্ল্যামারের
common_voice_bn_31531137.mp3,অফস্ট্যাম্প,স্ট্যাম্প
common_voice_bn_31531137.mp3,অধিকতা,অধিকতর
common_voice_bn_31531157.mp3,ওস্তাকার,ওস্তাগার
common_voice_bn_31531186.mp3,অবাকু,অবাক
common_voice_bn_31531811.mp3,শূষন,শোষন
common_voice_bn_31531830.mp3,বিনগকারীদের,বহনকারীদের
common_voice_bn_31531857.mp3,মুক্তিযুদাদের,মুক্তিযুদ্ধের
common_voice_bn_31531958.mp3,টুর্নামেন্টি,টুর্নামেন্ট
common_voice_bn_31532104.mp3,ুক্তি,মুক্তি
common_voice_bn_31532426.mp3,ফিখদর্শন,নিদর্শন
common_voice_bn_31532747.mp3,রোম্যান্টিকনাট্যধর্মী,নাট্যধর্মী
common_voice_bn_31532813.mp3,এরায়,এরা
common_voice_bn_31533020.mp3,দক্ষিণপূর্বাঞ্চলে,পূর্বাঞ্চলে
common_voice_bn_31533143.mp3,সেভিওত,সেভিওর
common_voice_bn_31533275.mp3,নাজাব,নাজিব
common_voice_bn_31533379.mp3,ধ্যেহের,স্নেহের
common_voice_bn_31533823.mp3,ঢিয়েটার,থিয়েটার
common_voice_bn_31533882.mp3,শীল্ডের,শিল্ডের
common_voice_bn_31533958.mp3,শিকরবা,শিকরা
common_voice_bn_31534058.mp3,পরিযোতি,পরিচিতি
common_voice_bn_31534061.mp3,দীর্ঘস্থায়,দীর্ঘস্থায়ী
common_voice_bn_31534778.mp3,হুথির,হুথি
common_voice_bn_31534930.mp3,ক্যানেলটি,চ্যানেলটি
common_voice_bn_31535155.mp3,সভারতির,সভাপতির
common_voice_bn_31535220.mp3,হাইয়েছিল,খাইয়েছিল
common_voice_bn_31535367.mp3,গণিমিতবিশ্ববাণ্ডার,ডার
common_voice_bn_31535784.mp3,পিতাম,পিতা
common_voice_bn_31535824.mp3,শইকীয়া,শইকিয়া
common_voice_bn_31536337.mp3,মালিকপক্ষকে,মালিকপক্ষ
common_voice_bn_31536366.mp3,দিধাধন্ত,সিধান্ত
common_voice_bn_31536471.mp3,ওতাগো,ওটাগো
common_voice_bn_31536542.mp3,জোরূর্ব,জোরপূর্বক
common_voice_bn_31536662.mp3,আলসাজের,আলসারের
common_voice_bn_31536700.mp3,সিমলাগড়,সিমলা
common_voice_bn_31537761.mp3,আদদাহর,আদার
common_voice_bn_31537981.mp3,কাদাইটের,কামাইয়ের
common_voice_bn_31538288.mp3,মিশ্ণ,মিশ্র
common_voice_bn_31538401.mp3,গোবুরা,গোবরা
common_voice_bn_31538413.mp3,সুবিবেচকের,অবিবেচকের
common_voice_bn_31538567.mp3,পরিবাষায়,পরিভাষায়
common_voice_bn_31538583.mp3,গরিপুর,হরিপুর
common_voice_bn_31539062.mp3,চক্ত্রী।,চক্ত্রী
common_voice_bn_31539190.mp3,আজাইগড়,আজাইরা
common_voice_bn_31539509.mp3,বগলবিক,বলবি
common_voice_bn_31539727.mp3,নিকোবরীয়,নিকোবর
common_voice_bn_31539731.mp3,আসংখ্যা,সংখ্যা
common_voice_bn_31539882.mp3,হতাশলে,তাহলে
common_voice_bn_31540005.mp3,সারপলিপি,চারুলিপি
common_voice_bn_31540380.mp3,স্বরনার,স্বরার
common_voice_bn_31540731.mp3,হসান্দর,সুন্দর
common_voice_bn_31541178.mp3,নিরীক্ক,নিরীক্ষক
common_voice_bn_31541331.mp3,কম্পাার,কল্পনার
common_voice_bn_31541771.mp3,বৈশম্ভর,বৈশম্য
common_voice_bn_31542234.mp3,নবয়ীর,নবীর
common_voice_bn_31542430.mp3,ূজনালয়বগ্রন্থাগার,গ্রন্থাগার
common_voice_bn_31542614.mp3,আলফাতহ,আলফাতে
common_voice_bn_31542877.mp3,কক্ষপথীয়,কক্ষপথে
common_voice_bn_31542904.mp3,সাভাজিক,সামাজিক
common_voice_bn_31542925.mp3,ার,আর
common_voice_bn_31543217.mp3,শীক্রা,শিক্ষা
common_voice_bn_31543295.mp3,লাতিনায়,লাতিন
common_voice_bn_31543620.mp3,উপর্তার,পর্দার
common_voice_bn_31543704.mp3,খালকাঘটা,খাজকাটা
common_voice_bn_31544411.mp3,পাহিম,ফাহিম
common_voice_bn_31544640.mp3,পুরোলিয়া,পুরুলিয়া
common_voice_bn_31544759.mp3,অশে,শে
common_voice_bn_31544923.mp3,চেন্নাের,চেন্নাইর
common_voice_bn_31545009.mp3,অরাধমূলক,অপরাধমূলক
common_voice_bn_31545370.mp3,লিমিটারের,লিমিটেডের
common_voice_bn_31545453.mp3,অধিনায়কেট,অধিনায়কের
common_voice_bn_31545534.mp3,বিরাঙ্গনা,বীরাঙ্গনা
common_voice_bn_31545864.mp3,পুনরাবৃততি,পুনরাবৃত্তি
common_voice_bn_31545864.mp3,পর্যাারোচনা,পর্যালোচনা
common_voice_bn_31545900.mp3,স্বাক্ষ,স্বাক্ষর
common_voice_bn_31545982.mp3,শিউফ।,শিফট
common_voice_bn_31546145.mp3,কাইজিল।,কাইজেল
common_voice_bn_31546234.mp3,পারোমারিক,পারিবারিক
common_voice_bn_31546236.mp3,পরিপক্ষ,পরিপক্ক
common_voice_bn_31546472.mp3,লাপ্লাসীয়,লাপ্লাস
common_voice_bn_31546697.mp3,অর্থনের,অর্জনের
common_voice_bn_31546721.mp3,জেরুজালে,জেরুজালেম
common_voice_bn_31547487.mp3,বয়াবহ,ভয়াবহ
common_voice_bn_31547783.mp3,আলোচনে,আলোড়নে
common_voice_bn_31548257.mp3,আলনাফিস,নাফিস
common_voice_bn_31548497.mp3,মৃদানী।,মাদানী
common_voice_bn_31548778.mp3,সেনয়,সেনা
common_voice_bn_31549041.mp3,ার,আর
common_voice_bn_31549135.mp3,অপহত,অপর
common_voice_bn_31549248.mp3,রবর্তী,পরবর্তী
common_voice_bn_31549443.mp3,গিলগিটবালতিস্তানকে,কে
common_voice_bn_31549443.mp3,সাসিত্ব,দায়িত্ব
common_voice_bn_31549834.mp3,আলজাতিরা,আলজাজিরা
common_voice_bn_31550020.mp3,হস্তক্ষেপনী,হস্তক্ষেপ
common_voice_bn_31550031.mp3,স্নাতকত,স্নাতক
common_voice_bn_31550228.mp3,বিভবশক্তি,বিভক্তি
common_voice_bn_31550228.mp3,উধান,ধান
common_voice_bn_31551178.mp3,নমযাতক,নবজাতক
common_voice_bn_31551407.mp3,জারকণ্ড,জার্ড
common_voice_bn_31551574.mp3,প্রাকআধুনিক,প্রাগাধুনিক
common_voice_bn_31552160.mp3,নিয়ন্ত্রণাতেন,নিয়ন্ত্রণাধীন
common_voice_bn_31552356.mp3,উত্তরমধ্য,উত্তমমধ্যম
common_voice_bn_31552375.mp3,তাবলিক,পাবলিক
common_voice_bn_31552706.mp3,ইঙ্গভারত,ইঙ্গমার
common_voice_bn_31552827.mp3,এলবিডাল্বিউ,এলবিডল্বিউ
common_voice_bn_31553105.mp3,কুয়ালালামপুরএ,কুয়ালালামপুর
common_voice_bn_31553283.mp3,জনয়ক,জনক
common_voice_bn_31553376.mp3,অব্যোথানের,অভ্যুথানের
common_voice_bn_31553435.mp3,অনিযায়ী,অনুযায়ী
common_voice_bn_31553545.mp3,আসংখ্যা,সংখ্যা
common_voice_bn_31553545.mp3,কারসক্ষেত্রে,কার্যক্ষেত্রে
common_voice_bn_31553545.mp3,হস্তকব,হস্তে
common_voice_bn_31553570.mp3,খ্রিলদেস্রোংবৎসানের,সানের
common_voice_bn_31553707.mp3,সিরাজয়ন,সিরাজুন
common_voice_bn_31554181.mp3,উপৎ্তি,আপত্তি
common_voice_bn_31554313.mp3,মুসম,মুসা
common_voice_bn_31554529.mp3,যন্ত্রবাতী,যন্ত্রপাতী
common_voice_bn_31554726.mp3,ক্যান্টেনট,ক্যাপ্টেন
common_voice_bn_31554944.mp3,গির্জারটি,গির্জাটি
common_voice_bn_31555160.mp3,ট্রান্সভাল,ট্রান্সফার
common_voice_bn_31555339.mp3,ফলশীপ,শীপ
common_voice_bn_31555611.mp3,ইউরোশীয়,ইউরোপীয়
common_voice_bn_31555856.mp3,বিশ্ময়,বিস্ময়
common_voice_bn_31555901.mp3,সেগেন্ট,সেগমেন্ট
common_voice_bn_31555901.mp3,একপঞ্চমাংশ,পঞ্চমাংশ
common_voice_bn_31555910.mp3,সাউদাম্পনের,সাউদাম্পটনের
common_voice_bn_31555910.mp3,আলেকজান্ডা,আলেকজান্ডার
common_voice_bn_31556003.mp3,সংযুকটি,সংযুক্ত
common_voice_bn_31556028.mp3,সংগ্রমের,সংগ্রহের
common_voice_bn_31556074.mp3,হৈসল,হাসল
common_voice_bn_31556175.mp3,মন্নয়ন,উন্নয়ন
common_voice_bn_31556276.mp3,ভৌগদিক,ভৌগলিক
common_voice_bn_31556368.mp3,যুক্তাক্ত।,যুক্তাক্ষর
common_voice_bn_31556641.mp3,কতাসাহিত্যের,কথাসাহিত্যের
common_voice_bn_31556656.mp3,শুল্ককর,শুল্কের
common_voice_bn_31556964.mp3,রোগনিরাময়সংক্রান্ত,সংক্রান্ত
common_voice_bn_31557584.mp3,করেনতিনি,করেননি
common_voice_bn_31557871.mp3,মুখুন্দ।,মুকুন্দ
common_voice_bn_31557960.mp3,অ্যাটল্যান্টিক,অ্যাটল্যান্টিকের
common_voice_bn_31558167.mp3,আলীান,আলান
common_voice_bn_31558252.mp3,চাবাগানে।,চাবাগানে
common_voice_bn_31558515.mp3,কারাদাণ্ড,কারাদণ্ড
common_voice_bn_31558571.mp3,নুদান,অনুদান
common_voice_bn_31558576.mp3,প্রবেশি,প্রবেশ
common_voice_bn_31558852.mp3,ার,আর
common_voice_bn_31559033.mp3,বিদ্যুদায়িতব,বিদ্যুতায়িত
common_voice_bn_31559033.mp3,অবিদ্যুতায়িত।,বিদ্যুতায়িত
common_voice_bn_31559393.mp3,নেরোকে,নিরোকে
common_voice_bn_31559504.mp3,অ্চলঐমুসঞ্ধানকারী,কারী
common_voice_bn_31559606.mp3,আদারতে,আদালতে
common_voice_bn_31560369.mp3,প্রতিদ্বন্দ্বিতায়,য়
common_voice_bn_31560559.mp3,প্রক্ষাখ্যান,প্রত্যাখ্যান
common_voice_bn_31560829.mp3,আগরষণ,আচরণ
common_voice_bn_31560880.mp3,উত্তরদক্ষিণ,উত্তরদক্ষিণের
common_voice_bn_31561148.mp3,মেডক্েল,মেডিকেল
common_voice_bn_31561152.mp3,প্রতিনিতধি্ব,প্রতিনিধিত্ব
common_voice_bn_31561243.mp3,সহসরকারি,সহকারি
common_voice_bn_31562340.mp3,উদ্ভদবিদ্যা,উদ্ভিদবিদ্যা
common_voice_bn_31562653.mp3,শাওতাল,শাওয়াল
common_voice_bn_31562798.mp3,ষাজেও,কাজেও
common_voice_bn_31562973.mp3,বাস্তবানের,বাস্তবায়নের
common_voice_bn_31563167.mp3,আগরওয়ালএর,আগরওয়ালের
common_voice_bn_31563584.mp3,েটে,ঘটে
common_voice_bn_31563584.mp3,ডাকবংলয়,ডাকবাংলো
common_voice_bn_31563596.mp3,নস্টিটিউটের,ইনস্টিটিউটের
common_voice_bn_31563865.mp3,সচ্চরিত্রের,সচ্চরিত্রা
common_voice_bn_31563915.mp3,পেনালটি,পেনাল্টি
common_voice_bn_31563915.mp3,সুটাউটের,স্কাউটের
common_voice_bn_31564062.mp3,শিক্ষাস,শিক্ষা
common_voice_bn_31564143.mp3,রেওপালি,নেপালি
common_voice_bn_31564224.mp3,সাহিযে,সাহসযে
common_voice_bn_31564298.mp3,হানিংটন,হাফিংটন
common_voice_bn_31564322.mp3,পিয়ানোটা,পিয়ানোটি
common_voice_bn_31564380.mp3,বিরোধিতে,বিরোধিতা
common_voice_bn_31564385.mp3,বিশ্ববিদ্যালয়এ,বিশ্ববিদ্যালয়
common_voice_bn_31564832.mp3,মৌজাগ্রাম,মাজগ্রাম
common_voice_bn_31565063.mp3,রৈকিক।,রৈখিক
common_voice_bn_31565364.mp3,দুইটিমাত্র,দুটিমাত্র
common_voice_bn_31565561.mp3,রঞ্জী,রঞ্জন
common_voice_bn_31565644.mp3,বিববিদ্যালয়ের,বিশবিদ্যালয়ের
common_voice_bn_31565644.mp3,রশী,রশীদ
common_voice_bn_31565886.mp3,স্পকর,স্পার
common_voice_bn_31565962.mp3,রাজ্কুমারি,রাজকুমারী
common_voice_bn_31566193.mp3,সথানে,স্থানে
common_voice_bn_31566195.mp3,আবেক,আরেক
common_voice_bn_31566198.mp3,যথাতত,যাতে
common_voice_bn_31567537.mp3,অনুষ্ান,অনুষ্ঠান
common_voice_bn_31567644.mp3,িনি,তিনি
common_voice_bn_31567881.mp3,পটুয়াসআলী,পটুয়াখালী
common_voice_bn_31568110.mp3,রাজসের,রাজের
common_voice_bn_31568132.mp3,জেমিতিতে,সমিতিতে
common_voice_bn_31568567.mp3,আইডিকার,আইডিয়ার
common_voice_bn_31568567.mp3,সর্বরাহকারী,সরবরাহকারী
common_voice_bn_31568578.mp3,মাহিবী,মাহিনী
common_voice_bn_31568819.mp3,স্টোএর,স্টোর
common_voice_bn_31568922.mp3,পর্যব্যক্ষণ,পর্যবেক্ষণ
common_voice_bn_31569028.mp3,এতরা,এরা
common_voice_bn_31569091.mp3,বাবামেয়ের,বাবামায়ের
common_voice_bn_31569316.mp3,জালামহ।,জালাহমা
common_voice_bn_31569498.mp3,ময়ঘোষ,ঘোষ
common_voice_bn_31569577.mp3,নির্জিতনের,নির্যাতনের
common_voice_bn_31569855.mp3,চিখছেন,লিখছেন
common_voice_bn_31569967.mp3,মহুরতে,মহরতে
common_voice_bn_31570099.mp3,তিপুরআর,তিমুরের
common_voice_bn_31570501.mp3,মার্কসবাদলেনিনবাদের,লেনিনবাদের
common_voice_bn_31570548.mp3,নলকাঠামো,কাঠামো
common_voice_bn_31570859.mp3,মঙ্কেশ্কর,মঙ্গেশকর
common_voice_bn_31571265.mp3,দক্ষিণমধ্য,দক্ষিণাত্য
common_voice_bn_31571552.mp3,জুব্লি,জুবলি
common_voice_bn_31571918.mp3,ব্যাত্তা,ব্যাখ্যা
common_voice_bn_31572031.mp3,গোর্ডের,বোর্ডের
common_voice_bn_31572051.mp3,জাতিধর্মীয়,জাতিধর্ম
common_voice_bn_31572185.mp3,রহস্যবাদ।,রহস্যবাদী
common_voice_bn_31572269.mp3,কোনোনাকোনো,কোনোকোনো
common_voice_bn_31572358.mp3,কৃথদাশ,কৃতদাস
common_voice_bn_31572421.mp3,ভূকারিগরি,কারিগরি
common_voice_bn_31572539.mp3,উপাধক্ষ,উপলক্ষ
common_voice_bn_31572653.mp3,শেষক্ত,শেষোক্ত
common_voice_bn_31572930.mp3,প্রক্রিয়তে,প্রক্রিয়াতে
common_voice_bn_31572991.mp3,পৌছেছিলাম।,পৌছেছিলাম
common_voice_bn_31573049.mp3,টেক্স্টেল,টেক্সটে
common_voice_bn_31573049.mp3,টেক্স্টাইল,টেক্সটাইল
common_voice_bn_31573339.mp3,শাসন্তন্ত্র,শাসনতন্ত্র
common_voice_bn_31573381.mp3,নিশদ্ধ,নিবদ্ধ
common_voice_bn_31573525.mp3,পনেক,অনেক
common_voice_bn_31573561.mp3,জুম্ব,জুম্ম
common_voice_bn_31573659.mp3,মখার্জী,মুখার্জী
common_voice_bn_31573680.mp3,বিত্যান্ত,বিত্তান্ত
common_voice_bn_31573909.mp3,স্পৌজার,স্পিকার
common_voice_bn_31574160.mp3,আলাভ,লাভ
common_voice_bn_31574184.mp3,আলআকসা,আকসা
common_voice_bn_31574211.mp3,বয়েচলেছে,বেচেছে
common_voice_bn_31574213.mp3,উইকেটরক্ষণে,উইকেটরক্ষক
common_voice_bn_31574451.mp3,পরার্থী,পার্থী
common_voice_bn_31574604.mp3,অপদেবতাকে,উপদেবতাকে
common_voice_bn_31574688.mp3,ইপিয়া,পিয়া
common_voice_bn_31574946.mp3,হাইড্রক্সা,হাইড্রক্সি
common_voice_bn_31575304.mp3,সাবটার্মিনাল,বাসটার্মিনাল
common_voice_bn_31575776.mp3,নার্করিকদের,তার্কিকদের
common_voice_bn_31575935.mp3,গাছেগাছের,গাবগাছের
common_voice_bn_31575941.mp3,উবন্ন,বন্ধ
common_voice_bn_31576212.mp3,উতৃক্ত,উক্ত
common_voice_bn_31576543.mp3,বিজ্ঞানচার,বিজ্ঞানের
common_voice_bn_31576642.mp3,ইউকিপিডিয়া।,উইকিপিডিয়া
common_voice_bn_31576816.mp3,গোলচান্দায়,গোলান্দাজ
common_voice_bn_31576993.mp3,নিয়ত্তন,নিয়ন্তন
common_voice_bn_31577268.mp3,শিক্ষাগতে,শিক্ষাগত
common_voice_bn_31577684.mp3,উপপজেলার,উপজেলার
common_voice_bn_31577704.mp3,চ্যাম্পয়নশিপ,চ্যাম্পিয়নশিপ
common_voice_bn_31578027.mp3,সাধাদপুর,সাধনপুর
common_voice_bn_31578158.mp3,কালোদা।,কালোদের
common_voice_bn_31578232.mp3,মধ্যবিত্য,মধ্যবিত্ত
common_voice_bn_31578480.mp3,রচনানামূলক,রচনামূলক
common_voice_bn_31578776.mp3,ফাইভস্টার,ফাইভষ্টার
common_voice_bn_31578801.mp3,হনির,পনির
common_voice_bn_31578932.mp3,হুসেইনএরও,হুসেইনের
common_voice_bn_31579556.mp3,অর্বশ্য,অবশ্য
common_voice_bn_31579625.mp3,ক্ষমতে,ক্ষমতা
common_voice_bn_31579704.mp3,শিশুপালগড়,শিশুপাল
common_voice_bn_31579799.mp3,গুরু্ব,গুরুত্ব
common_voice_bn_31579838.mp3,চাগাতাই,চালাতাম
common_voice_bn_31580024.mp3,প্রবাসক,প্রবাসী
common_voice_bn_31580077.mp3,ডাল্বিউডাল্বিবি,ডাল্বিউডাল্বিউই
common_voice_bn_31580077.mp3,আন্তমহাদেশিক,আন্তমহাদেশীয়
common_voice_bn_31580077.mp3,ডাল্বিউডাল্বিমার্কিন,মার্কিন
common_voice_bn_31580452.mp3,লক্ষীপুরী,লক্ষীপুর
common_voice_bn_31580452.mp3,সন্তান্ত,সন্তান
common_voice_bn_31580624.mp3,ওটগল্প,গল্প
common_voice_bn_31580650.mp3,বিশ্ববিদ্যালয়তে,বিশ্ববিদ্যালয়ে
common_voice_bn_31581161.mp3,দেওয়ানেওয়া,দেয়ানেয়া
common_voice_bn_31581161.mp3,রেনির,রুনির
common_voice_bn_31581376.mp3,লিচেস্টারশায়ারের,ওরচেস্টারশায়ারের
common_voice_bn_31581482.mp3,হায়দেরাবাদ,হায়দ্রাবাদ
common_voice_bn_31582123.mp3,ইয়েফা,উয়েফা
common_voice_bn_31582266.mp3,হ্যানবল,হ্যানিবল
common_voice_bn_31582617.mp3,ব্রিগেডিয়ারজেনারেল,জেনারেল
common_voice_bn_31582765.mp3,মরসিদাবাদ,ফরিদাবাদ
common_voice_bn_31582802.mp3,লাইবেরিঅব,লাইবেরিয়া
common_voice_bn_31582933.mp3,জয়লাবের,জয়লাভের
common_voice_bn_31583007.mp3,ফ্রিটার।,ক্রিটার
common_voice_bn_31583212.mp3,পোস্তগোলায়,পোস্তগোলা
common_voice_bn_31583285.mp3,িজস্ব,নিজস্ব
common_voice_bn_31583658.mp3,পর্যতন,পর্যটন
common_voice_bn_31583795.mp3,অব্যাহিত,অব্যাহত
common_voice_bn_31584310.mp3,অবেজ্ঞা,অবজ্ঞা
common_voice_bn_31584789.mp3,রটটি,রুটি
common_voice_bn_31584789.mp3,নির্বশীল,নির্ভরশীল
common_voice_bn_31584827.mp3,স্ক্যান্ডিনেভিয়ার,য়ার
common_voice_bn_31585348.mp3,স্টেডিওডের,স্টুডিওজের
common_voice_bn_31585684.mp3,একাভীয়,একাকী
common_voice_bn_31585747.mp3,কায়রোড,কায়রোর
common_voice_bn_31586016.mp3,রাষ্ট্রভাবে,রাষ্ট্রভাষা
common_voice_bn_31586016.mp3,উদ্যানী,উদ্যান
common_voice_bn_31586080.mp3,লেটার্সের,লেটার্সে
common_voice_bn_31586156.mp3,ব্যবত,ব্যহত
common_voice_bn_31586392.mp3,ফিলেভেনের,ইলেভেনের
common_voice_bn_31586545.mp3,প্রকারীয়,প্রকার
common_voice_bn_31586908.mp3,উদারপন্থপত্তিচীবী,বী
common_voice_bn_31587240.mp3,আলকুফা,কুফা
common_voice_bn_31587284.mp3,শাহুসেন,হুসেন
common_voice_bn_31587442.mp3,টিসিরিজ,সিরিজ
common_voice_bn_31587632.mp3,শৈবল,শৈবাল
common_voice_bn_31588097.mp3,বনএ,বন
common_voice_bn_31588256.mp3,অভিনীতের,অভিনীত
common_voice_bn_31588998.mp3,রাপিলের,রাপিডের
common_voice_bn_31589034.mp3,সূজনের,সিজনের
common_voice_bn_31589103.mp3,বলেসবস,লেসবস
common_voice_bn_31589331.mp3,আলহাড়ত,আলামত
common_voice_bn_31589457.mp3,নিবেন্দ্রিত,বিকেন্দ্রিত
common_voice_bn_31589462.mp3,সারণীটি,সারণিটি
common_voice_bn_31589462.mp3,ংস,এস
common_voice_bn_31589628.mp3,আইভারীয়,আইবেরীয়
common_voice_bn_31589655.mp3,।,ও
common_voice_bn_31589662.mp3,সওদাগার,সওদাগর
common_voice_bn_31589676.mp3,চুইশ।,দুইশ
common_voice_bn_31589900.mp3,আলহাশিম,হাশিম
common_voice_bn_31590139.mp3,ছবছর,বছর
common_voice_bn_31590231.mp3,বলামাত্রই,বলামাত্র
common_voice_bn_31590244.mp3,মধ্যপূর,মধ্যকার
common_voice_bn_31590376.mp3,পৌচায়।,পৌছায়
common_voice_bn_31590566.mp3,রঞ্জী,রঞ্জন
common_voice_bn_31590686.mp3,ভনগণ,নগর
common_voice_bn_31590686.mp3,পরিবর্ণিত,পরিবর্তিত
common_voice_bn_31590781.mp3,সাদাদ্বর,সাদাদের
common_voice_bn_31591208.mp3,সকল্পকার,কল্পনার
common_voice_bn_31591540.mp3,ছোলবছর,ছোলার
common_voice_bn_31591605.mp3,প্রতিনিষ্ঠা,প্রতিষ্ঠা
common_voice_bn_31591605.mp3,উপলধ্বি।,উপলধ্বি
common_voice_bn_31591607.mp3,বিদ্ধের,বুদ্ধের
common_voice_bn_31592098.mp3,নবাঙগঞ্জ,নবাবগঞ্জ
common_voice_bn_31592581.mp3,আলকিসা,আলিসা
common_voice_bn_31592745.mp3,মানবমনে,মানবমনের
common_voice_bn_31593430.mp3,উত্তরদক্ষিণ,উত্তরদক্ষিণের
common_voice_bn_31593439.mp3,আয়ঞ্চলিক,আঞ্চলিক
common_voice_bn_31594093.mp3,দূরিয়,দূরে
common_voice_bn_31595017.mp3,সিয়োন,সিমোন
common_voice_bn_31595378.mp3,অনুশ্থিত,অনুস্থিত
common_voice_bn_31595425.mp3,স্কলারিপ,স্কলারশিপ
common_voice_bn_31595924.mp3,মনোরাল,মনোরেল
common_voice_bn_31596327.mp3,স্টখম,স্টেম
common_voice_bn_31596854.mp3,সমর্নীত,সমর্থীত
common_voice_bn_31597001.mp3,প্রতিশ্রুতর,প্রতিশ্রুতি
common_voice_bn_31597485.mp3,ডানম্বর,নম্বর
common_voice_bn_31597505.mp3,সিলদাভীয়,স্লাভীয়
common_voice_bn_31597524.mp3,স্যরূপে,স্বরূপে
common_voice_bn_31597634.mp3,ভূগোলএর,ভূগোলের
common_voice_bn_31598052.mp3,প্রাতর,প্রাত
common_voice_bn_31598128.mp3,নির্দৃ্ধ,নিরুদ্ধ
common_voice_bn_31598128.mp3,উত্তরদক্ষিণে,উত্তরদক্ষিণের
common_voice_bn_31598668.mp3,হরিষার,সরিষার
common_voice_bn_31598677.mp3,উপাদারী,উপাদান
common_voice_bn_31598913.mp3,ফতেআলে,ফেলে
common_voice_bn_31599205.mp3,শঙ্করস,শঙ্কর
common_voice_bn_31599292.mp3,বিচরপতি,বিচারপতি
common_voice_bn_31599339.mp3,তাহরিবনে,তাহরিকে
common_voice_bn_31599504.mp3,সরিজ,সিরিজ
common_voice_bn_31599555.mp3,রোটাস,লোটাস
common_voice_bn_31599648.mp3,বেঙ্গবক্রত্বিপূর্ণ,পূর্ণ
common_voice_bn_31599660.mp3,ব্যাকারণের,ব্যাকরণের
common_voice_bn_31599660.mp3,ব্যাকারণের,ব্যাকরণের
common_voice_bn_31599737.mp3,মোমাচি,মোমবাতি
common_voice_bn_31599763.mp3,ওঠন।,গঠন
common_voice_bn_31600178.mp3,নিউজিল্যান্ডএ,নিউজিল্যান্ড
common_voice_bn_31600191.mp3,অত্যাল,অ্যাল
common_voice_bn_31600195.mp3,হিমালওয়েন,হিমালয়ের
common_voice_bn_31600332.mp3,দর্ভাগ্ঘজনকভাবে,দুর্ভাগ্যজনকভাবে
common_voice_bn_31600332.mp3,দূর্বলতর,দূর্বলতা
common_voice_bn_31600343.mp3,সাহষিককতার,সাহসিকতার
common_voice_bn_31600354.mp3,জ্ঞানীগুণীর,জ্ঞানীগুণী
common_voice_bn_31600386.mp3,অবকাঠময়,অবকাঠামো
common_voice_bn_31600728.mp3,নজুল,নজরুল
common_voice_bn_31601232.mp3,মস্তিষ্কার,মস্তিষ্কের
common_voice_bn_31601232.mp3,প্রক্রিা,প্রক্রিয়া
common_voice_bn_31601966.mp3,তণ্ডিতাই,পণ্ডিতই
common_voice_bn_31602092.mp3,প্রকাটে,প্রকাশে
common_voice_bn_31603264.mp3,দস্যের,সদস্যের
common_voice_bn_31603296.mp3,উপস্থাপিকায়,উপস্থাপিকার
common_voice_bn_31603573.mp3,দক্ষিমে,দক্ষিণে
common_voice_bn_31603577.mp3,চিতরগর,চিত্র
common_voice_bn_31603646.mp3,কপরিকল্পনা,পরিকল্পনা
common_voice_bn_31603696.mp3,প্লোমা,পালোমা
common_voice_bn_31604163.mp3,সিংহপটক,সিংহটা
common_voice_bn_31604164.mp3,ক্যালিফোর্নি,ক্যালিফোর্নিয়া
common_voice_bn_31604982.mp3,চিকিষঠা,চিকিতসা
common_voice_bn_31605006.mp3,শতাদ্বীতে।,শতাদ্বীতে
common_voice_bn_31605240.mp3,জড়করার,করার
common_voice_bn_31605682.mp3,প্যেক্টিন,পেক্টিন
common_voice_bn_31605682.mp3,অক্সিডেন,অক্সিজেন
common_voice_bn_31606048.mp3,জার্মানিএর,জার্মানির
common_voice_bn_31606184.mp3,সয়ষ্টমন্ত্রণালয়ের,লয়ের
common_voice_bn_31606216.mp3,জাঙ্গভীর,জঙ্গীর
common_voice_bn_31606266.mp3,ক্তিযুদ্ধের,মুক্তিযুদ্ধের
common_voice_bn_31606266.mp3,মুক্ুদ্ধের,মুক্তযুদ্ধের
common_voice_bn_31606284.mp3,পল্যান্ড,ল্যান্ড
common_voice_bn_31606448.mp3,ঘুষটা,ঘুষিটা
common_voice_bn_31606691.mp3,সর্বতরীয়,সর্বদলীয়
common_voice_bn_31607069.mp3,প্যারালম্পিক,প্যারালিম্পিক
common_voice_bn_31608064.mp3,বিশ্ববিদ্যালয়টিতে,টিতে
common_voice_bn_31608118.mp3,এইচপ্যাডকে,আইপ্যাডকে
common_voice_bn_31608118.mp3,সিপেট,সিলেট
common_voice_bn_31608337.mp3,অবন্ত।,অবন্তি
common_voice_bn_31608452.mp3,আইএসআইএর,আইএসআইএস
common_voice_bn_31608711.mp3,উক্তজর,উক্তির
common_voice_bn_31608851.mp3,আঠারস্য,পারস্য
common_voice_bn_31608899.mp3,লালিমায়,লালিমা
common_voice_bn_31609310.mp3,দুইটিমাত্র,দুটিমাত্র
common_voice_bn_31609339.mp3,পশ্রন।,পশ্রন
common_voice_bn_31609552.mp3,মহাযোগতিক,মহাজাগতিক
common_voice_bn_31609825.mp3,পর্শন,দর্শন
common_voice_bn_31610146.mp3,লোয়াও,লোয়ার
common_voice_bn_31610506.mp3,প্রতিরক্ষমন্ত্রণালয়,লয়
common_voice_bn_31610826.mp3,ব্যাস্তিক,ব্যাক্তি
common_voice_bn_31611199.mp3,বিপরীতি,বিপরীতে
common_voice_bn_31612339.mp3,আলেকপুর,আশেকপুর
common_voice_bn_31612569.mp3,সাসক্যাচুয়ান,সাসকাচুয়ান
common_voice_bn_31612747.mp3,পারসিকরাই।,পারসিকরা
common_voice_bn_31613121.mp3,রাজনতক,রাজনৈতক
common_voice_bn_31613424.mp3,সিপিআইএর,সিপিআইএম
common_voice_bn_31613571.mp3,থালভাদ্র,সালভাদর
common_voice_bn_31613629.mp3,এরিজাবের,এলিজাবেথ
common_voice_bn_31613635.mp3,সুন্দজ্য,সুন্দর্য
common_voice_bn_31613911.mp3,উপাশোনা,পড়াশোনা
common_voice_bn_31613950.mp3,সুমীর্ঘ,সুদীর্ঘ
common_voice_bn_31614432.mp3,দক্ষিণদক্ষিণপূর্বে,দক্ষিণপূর্বে
common_voice_bn_31614507.mp3,কিলজুটি,কিলঘুষি
common_voice_bn_31614507.mp3,দেবপায়েল,দেবপাল
common_voice_bn_31614786.mp3,সর্বরহর,সর্বত্র
common_voice_bn_31615018.mp3,মন্দরে,মন্দিরে
common_voice_bn_31615034.mp3,অ্চলের,অঞ্চলের
common_voice_bn_31615034.mp3,অন্নয়য়নে,উন্নয়নে
common_voice_bn_31615103.mp3,পরিষংখ্যানের,পরিসংখ্যানের
common_voice_bn_31615219.mp3,রিণপদন,রিপন
common_voice_bn_31615783.mp3,ন্তর্ভুক্ত,অন্তর্ভুক্ত
common_voice_bn_31616076.mp3,কেউনাকেউ,কেউকেউ
common_voice_bn_31616471.mp3,ক্যান্টের,প্যান্টের
common_voice_bn_31616486.mp3,দুর্বিক্ষি,দুর্ভিক্ষ
common_voice_bn_31616631.mp3,সংগ্রাহালয়।,সংগ্রহালয়
common_voice_bn_31616825.mp3,বিরুদ্ধি,বিরুদ্ধে
common_voice_bn_31616953.mp3,পুনরগঠনের,পুনর্গঠনের
common_voice_bn_31616966.mp3,যুদ্ধদের,যুদ্ধের
common_voice_bn_31617946.mp3,এন্ডিটিভিতে,এনডিটিভিতে
common_voice_bn_31617946.mp3,মিররএর,মিররের
common_voice_bn_31618168.mp3,বিলার্ট,বার্ট
common_voice_bn_31618472.mp3,স্ক্যান্ডিনেভিয়ার,য়ার
common_voice_bn_31618485.mp3,প্রত্যেকযি,প্রত্যেকটি
common_voice_bn_31618615.mp3,রিকল্পনা,পরিকল্পনা
common_voice_bn_31618692.mp3,নিউিটেডের,লিমিটেডের
common_voice_bn_31618790.mp3,স্টুডিস,স্টুডিও
common_voice_bn_31618795.mp3,নাইক্ষাংছড়ি,নাইক্ষ্যংছড়ি
common_voice_bn_31619337.mp3,অভনতীর,অবনতির
common_voice_bn_31619461.mp3,সংপাদক,সংবাদ
common_voice_bn_31619496.mp3,কমিয়ানতে,কিয়ামতে
common_voice_bn_31619681.mp3,মালাবাব,মালাবার
common_voice_bn_31619681.mp3,মালাবপুরাম,মালাপ্পুরাম
common_voice_bn_31619782.mp3,লতাদের,তাদের
common_voice_bn_31619988.mp3,ক্যালিফোর্নিস্টেজ,স্টেজ
common_voice_bn_31620127.mp3,ভগমান,ভগবান
common_voice_bn_31620138.mp3,চলিত্র,চিত্র
common_voice_bn_31620512.mp3,খেলোবাড়ী,খেলোয়াড়ী
common_voice_bn_31620621.mp3,ভির্ত,ভিত্ত
common_voice_bn_31620760.mp3,বিশ্বকতি,বিশ্বকবি
common_voice_bn_31620822.mp3,অথিচি,অথিতি
common_voice_bn_31620915.mp3,হনতবে,হবে
common_voice_bn_31620955.mp3,গ্রিনল্যান্ডীয়,গ্রিনল্যান্ড
common_voice_bn_31621022.mp3,পরিযোজ,পরিশোধ
common_voice_bn_31621419.mp3,শিষিদে,শিখিয়ে
common_voice_bn_31621484.mp3,মক্িবাহিনীর,মুক্তিবাহিনীর
common_voice_bn_31621543.mp3,ুইন্সল্যান্ডের,কুইন্সল্যান্ডের
common_voice_bn_31621869.mp3,গ্রিফিতের,গ্রিফিথের
common_voice_bn_31622135.mp3,প্রকত,প্রকৃত
common_voice_bn_31622144.mp3,সুপ্রিণ,সুপ্রিয়
common_voice_bn_31622199.mp3,আবিরুদ্ধ,বিরুদ্ধ
common_voice_bn_31622510.mp3,আলজাহরা,আজাইরা
common_voice_bn_31622591.mp3,ারছোটভাইয়ের,ছোটভাইয়ের
common_voice_bn_31623074.mp3,করতিপক্ষের,কর্তৃপক্ষের
common_voice_bn_31623074.mp3,পস্তিগির,কুস্তিগির
common_voice_bn_31623166.mp3,ডিল্বক,সিল্বক
common_voice_bn_31623328.mp3,আথিতীয়তা,আথিতেয়তা
common_voice_bn_31623517.mp3,পাট্যক্রম,কার্যক্রম
common_voice_bn_31623636.mp3,ইউসিজিসি,ইউজিসি
common_voice_bn_31623809.mp3,ৈচিত্রপূর্ণ,বৈচিত্রপূর্ণ
common_voice_bn_31623922.mp3,ব্যাড়িত,ব্যাতিত
common_voice_bn_31624263.mp3,গামারষীর,খামারীর
common_voice_bn_31624452.mp3,সবিধা,সুবিধা
common_voice_bn_31624495.mp3,আসংখ্যা,সংখ্যা
common_voice_bn_31624744.mp3,ম্যানচেস্টারএ,ম্যানচেস্টার
common_voice_bn_31625225.mp3,বজ্ঞান,জ্ঞান
common_voice_bn_31625504.mp3,ব্রাহমণবাড়িয়া,ব্রাহ্মণবাড়িয়া
common_voice_bn_31625510.mp3,উইকেটরক্ষণের,উইকেটরক্ষকের
common_voice_bn_31625510.mp3,দর্শনিয়ে,দর্শিয়ে
common_voice_bn_31626126.mp3,বহুসংখ্য,বহুসংখ্যক
common_voice_bn_31626678.mp3,কার্যকরম,কার্যক্রম
common_voice_bn_31627020.mp3,অধয়ন,অয়ন
common_voice_bn_31627208.mp3,খখ্যাত,খ্যাত
common_voice_bn_31627297.mp3,পনার,আপনার
common_voice_bn_31627505.mp3,সারকদর্জা,সারকার্জ
common_voice_bn_31627605.mp3,চিকিনা,চিকনা
common_voice_bn_31627622.mp3,সামালিক,সামাজিক
common_voice_bn_31627654.mp3,মোপাজ্জল,মোফাজ্জল
common_voice_bn_31627696.mp3,দুমাই,দুবাই
common_voice_bn_31627698.mp3,বিএর,বিএ
common_voice_bn_31628179.mp3,নাবরং,নারী
common_voice_bn_31628198.mp3,রাথে,সাথে
common_voice_bn_31628454.mp3,কালানুক্রমিকের,কালানুক্রমিক
common_voice_bn_31628801.mp3,চিবিন্দ,অরবিন্দ
common_voice_bn_31630532.mp3,সর্বারাহ,সরবারাহ
common_voice_bn_31631580.mp3,বাআকদাদে,বাগদাদে
common_voice_bn_31631580.mp3,আগানীত,আগামী
common_voice_bn_31631694.mp3,চতত্র,চিত্র
common_voice_bn_31632164.mp3,জনগোষ,জাগো
common_voice_bn_31632539.mp3,আফলেটএর,ফলেটের
common_voice_bn_31632601.mp3,রাজ্রকার,রাজাকার
common_voice_bn_31632641.mp3,মরক্কহতে,মরক্কোতে
common_voice_bn_31633281.mp3,দেইজিন,দুইদিন
common_voice_bn_31633422.mp3,নজনিজ,নিজ
common_voice_bn_31633790.mp3,স্টারিতে,স্টোরিতে
common_voice_bn_31634322.mp3,ট্রান্সভাল,ট্রান্সফার
common_voice_bn_31634395.mp3,সিম্বাবয়ের,জিম্বাবুয়ের
common_voice_bn_31634428.mp3,সালতানাদের,সালতানাতের
common_voice_bn_31634816.mp3,কালিমপং,কালিম্পং
common_voice_bn_31635073.mp3,সংস্টোরিজ,স্টোরিজ
common_voice_bn_31635274.mp3,্যান্টনমেন্ট,ক্যান্টনমেন্ট
common_voice_bn_31635453.mp3,টেলিফিল্।,টেলিফিল্ম
common_voice_bn_31635502.mp3,যতবা,যতবার
common_voice_bn_31635714.mp3,ুরস্কার,পুরস্কার
common_voice_bn_31635910.mp3,শাহামানক,শাহজামান
common_voice_bn_31636753.mp3,চটমায়।,চশমায়
common_voice_bn_31636915.mp3,ছিলতবে,ছিলে
common_voice_bn_31636996.mp3,প্রতনবরম্বপুত্রনদ।,ও
common_voice_bn_31637887.mp3,রসত,রাত
common_voice_bn_31637887.mp3,আগবনের,আগুনের
common_voice_bn_31638309.mp3,দসযদের,সদস্যদের
common_voice_bn_31638362.mp3,সাত্রাগাছি,সাঁত্রাগাছি
common_voice_bn_31638412.mp3,কমিডিয়ান,কমেডিয়ান
common_voice_bn_31638496.mp3,আয়ুবখান,আয়ুশমান
common_voice_bn_31638510.mp3,অৌষদ,অনুষদ
common_voice_bn_31638627.mp3,চেনএর,চেনার
common_voice_bn_31640414.mp3,শতক্পুর,শত্রুর
common_voice_bn_31640502.mp3,আরসাহ,আরসা
common_voice_bn_31640550.mp3,দুইটিমাত্র,দুটিমাত্র
common_voice_bn_31640550.mp3,প্রায়নঅ্যান্ড্রোজ।,আজ
common_voice_bn_31640976.mp3,নির্যর্তনের,নির্যাতনের
common_voice_bn_31640976.mp3,নারেডের,নারীদের
common_voice_bn_31641040.mp3,সংসৃষ্ট,নবসৃষ্ট
common_voice_bn_31641333.mp3,মধ্যমক,মধ্যম
common_voice_bn_31641333.mp3,সম্মাদনের,সম্মানের
common_voice_bn_31641631.mp3,রুষ,রুম
common_voice_bn_31641631.mp3,করপুর,ভরপুর
common_voice_bn_31641951.mp3,নিজসারিতে,নিঃসারিত
common_voice_bn_31641985.mp3,উভাসনায়,উপাসনায়
common_voice_bn_31642734.mp3,ভূকণ্ডের,ভূখণ্ডের
common_voice_bn_31642770.mp3,বানাতা,বানাতে
common_voice_bn_31643113.mp3,স্গীতের,সঙ্গীতের
common_voice_bn_31643282.mp3,পুরকার।,প্রকার
common_voice_bn_31643369.mp3,মুইজউদ্দিন,মুইনউদ্দিন
common_voice_bn_31643555.mp3,উল্লোখ,উল্লাস
common_voice_bn_31644260.mp3,পত্যাকাটি,পত্রিকাটি
common_voice_bn_31644334.mp3,উড়িশা,ওড়িশা
common_voice_bn_31644381.mp3,দক্ষিণপশ্চিমাঞ্চলটি,লটি
common_voice_bn_31644530.mp3,আসংখ্যা,সংখ্যা
common_voice_bn_31644558.mp3,অনুলায়,অনুপায়
common_voice_bn_31644849.mp3,অ্যাডভেঞ্চারপ্রিয়,য়
common_voice_bn_31645290.mp3,ভান্তি,শান্তি
common_voice_bn_31645290.mp3,টিটোয়েন্টি,টিটুয়েন্টি
common_voice_bn_31645998.mp3,দ্রুর্লব,দুর্লব
common_voice_bn_31646206.mp3,বর্কাস্ত,বরখাস্ত
common_voice_bn_31646534.mp3,গোপিণীয়তা,গোপণীয়তা
common_voice_bn_31646628.mp3,নিবরিজ্ঞান,নৃবিজ্ঞান
common_voice_bn_31646862.mp3,মর্যাতা,মর্যাদা
common_voice_bn_31647003.mp3,বাস্টেন্ট,স্টেন্ট
common_voice_bn_31647099.mp3,উদ্যোকের,উদ্যোগের
common_voice_bn_31647099.mp3,জ্যতিবিজ্ঞান,জ্যোতিবিজ্ঞান
common_voice_bn_31647099.mp3,পূর্বিজ্ঞান,পূর্বজ্ঞান
common_voice_bn_31647139.mp3,ডক্তর,ডক্টর
common_voice_bn_31648116.mp3,পশ্চাত্ব,পশ্চাত্য
common_voice_bn_31648364.mp3,ফাকাবাড়ি,পাকাবাড়ি
common_voice_bn_31649420.mp3,সহস্ত্র,সশস্ত্র
common_voice_bn_31649424.mp3,বুস্তোনরিনছেনগ্রুপ।,ও
common_voice_bn_31649998.mp3,সংগষ্য,সংসদ্য
common_voice_bn_31650581.mp3,ানা,না
common_voice_bn_31651171.mp3,উপশ্চিম,পশ্চিম
common_voice_bn_31651379.mp3,উদ্বোধানে,উদ্বোধনে
common_voice_bn_31651618.mp3,ট্রাইমস,ক্রাইমস
common_voice_bn_31651918.mp3,বিনয়োগকারী,বিনিয়োগকারী
common_voice_bn_31652641.mp3,মর্চ,মার্চ
common_voice_bn_31652928.mp3,টেম্পরাল,টেম্পোরাল
common_voice_bn_31653674.mp3,বনুভূমিতে,বনভূমিতে
common_voice_bn_31653985.mp3,এএলআরডির,এলআরবির
common_voice_bn_31654390.mp3,মহমরতের,মহরতের
common_voice_bn_31654391.mp3,ক্রমজম,ক্রমোজম
common_voice_bn_31654759.mp3,ম্যানহাটার,ম্যানহাটান
common_voice_bn_31655323.mp3,প্রাক্তম,প্রাক্তন
common_voice_bn_31655731.mp3,লিলঙ্গ।,লিঙ্গ
common_voice_bn_31656024.mp3,অর্ধচন্দ্রটি,অর্ধচন্দ্র
common_voice_bn_31656071.mp3,গলগুলোর,দলগুলোর
common_voice_bn_31656366.mp3,অমসলমদের,অমুসলিমদের
common_voice_bn_31657384.mp3,ভ্রুতপূর্ব,অশ্রুতপূর্ব
common_voice_bn_31657414.mp3,ক্ষদিত,ক্ষিত
common_voice_bn_31657577.mp3,পৌছনা,পৌছা
common_voice_bn_31658688.mp3,নিউনিক,টিউনিক
common_voice_bn_31659253.mp3,স্বশেষ্ঠ।,সর্বশেষ্ঠ
common_voice_bn_31660345.mp3,উক্তক্ত,উত্তক্ত
common_voice_bn_31661701.mp3,মধ্যসাগ্রীয়,মধ্যসাগরীয়
common_voice_bn_31661719.mp3,বটরিকসা,রিকসা
common_voice_bn_31661866.mp3,বহীর,বীর
common_voice_bn_31661883.mp3,হার্টএর,হার্টের
common_voice_bn_31662123.mp3,বিহেতনাম,ভিয়েতনাম
common_voice_bn_31662385.mp3,সহরাজ্য,রাজ্য
common_voice_bn_31663697.mp3,ব্যবহারি,ব্যবহার
common_voice_bn_31664196.mp3,ডেমক্ৃটিক,ডেমক্রেটিক
common_voice_bn_31664567.mp3,বামফ্রণ,হামফ্রে
common_voice_bn_31664644.mp3,ছিলযা,ছিলনা
common_voice_bn_31664978.mp3,আলমনসুর,মনসুর
common_voice_bn_31665040.mp3,ধাঙ্গড়,ভাঙ্গা
common_voice_bn_31665142.mp3,মাইটিশ,মাইটি
common_voice_bn_31665538.mp3,এ্যাপ্িকেশন,অ্যাপ্লিকেশন
common_voice_bn_31665864.mp3,সুমিরুতা,সুমিতা
common_voice_bn_31665864.mp3,ভমিদ্বারা,বলিদ্বারা
common_voice_bn_31666724.mp3,নগাও,নাও
common_voice_bn_31666805.mp3,জনগোষ্যের,জনগোষ্ঠীর
common_voice_bn_31666805.mp3,য়কভূমিকা,পটভূমিকা
common_voice_bn_31666878.mp3,আলহাজমি,আলহাজ্ব
common_voice_bn_31666922.mp3,উধে,উঠে
common_voice_bn_31667208.mp3,কিশানগঞ্জ,কিষানগঞ্জ
common_voice_bn_31668117.mp3,নির্বাচিলতল,নির্বাচিত
common_voice_bn_31668158.mp3,আলসেমিতে,সেমিতে
common_voice_bn_31669317.mp3,স্যান্ডান্স,স্যান্ডার্স
common_voice_bn_31669355.mp3,থাক্ত,শাক্ত
common_voice_bn_31669699.mp3,অতপ্রতভাবে,অতপ্রোতভাবে
common_voice_bn_31669824.mp3,হাজ্ছে,হচ্ছে
common_voice_bn_31670217.mp3,মার্কসবাদীলেনিনবাদী,লেনিনবাদী
common_voice_bn_31670252.mp3,হয়েছিলযা,হয়েছিলটা
common_voice_bn_31671087.mp3,ভারতচীন,ভারতীয়
common_voice_bn_31671434.mp3,বিজ্ঞত,বিজ্ঞতা
common_voice_bn_31671692.mp3,সম্মক্ষিণ,সম্মুক্ষিণ
common_voice_bn_31671879.mp3,বকশায়,নকশায়
common_voice_bn_31671898.mp3,বংশোদ্ভ,বংশোদ্ভব
common_voice_bn_31672157.mp3,শেষক্ত,শেষোক্ত
common_voice_bn_31672172.mp3,বিদ্যোদয়,বিদ্যালয়
common_voice_bn_31672362.mp3,তুলাধর,তুলার
common_voice_bn_31672587.mp3,খেলোয়াডারা,খেলোয়াড়রা
common_voice_bn_31672819.mp3,বিমাহিত,বিবাহিত
common_voice_bn_31672971.mp3,নিয়মকানন,নিয়মকানুন
common_voice_bn_31673095.mp3,পরিসভা,হরিসভা
common_voice_bn_31673298.mp3,মসজদটিতে,মসজিদটিতে
common_voice_bn_31673330.mp3,নর্ডব্যান্ড,ব্রডব্যান্ড
common_voice_bn_31673672.mp3,বাঁদরএর,বাঁদরের
common_voice_bn_31674327.mp3,বিউরোপ,ইউরোপ
common_voice_bn_31674356.mp3,ভাগজ,কাগজ
common_voice_bn_31674761.mp3,কিপচাক,কিপার
common_voice_bn_31675939.mp3,সুজাউদদৌলা,সুজাউদ্দৌলা
common_voice_bn_31676315.mp3,সাঙএমিল,্
common_voice_bn_31676315.mp3,পাবলিকেশনস্কত্রিক,কত্রিক
common_voice_bn_31676542.mp3,মডুলেসেন,মডুলেশন
common_voice_bn_31676626.mp3,সক্যাতত্ত্ব,সংখ্যাতত্ত্ব
common_voice_bn_31676944.mp3,চলিষ্টি,মিষ্টি
common_voice_bn_31677009.mp3,কিশুদের,শিশুদের
common_voice_bn_31677138.mp3,ব্যাটভিন্টেন,ব্যাটমিন্টন
common_voice_bn_31677555.mp3,পরিষভা,পরিষদ
common_voice_bn_31679718.mp3,শিষা,শিরা
common_voice_bn_31682815.mp3,সহ্লাইট,স্লাইট
common_voice_bn_31682815.mp3,বৌদ্রুল,বদরুল
common_voice_bn_31683858.mp3,তবশের,তাদের
common_voice_bn_31683908.mp3,সন্ধাসমে,সন্ধানে
common_voice_bn_31683929.mp3,বালাগ্জ,বালাগঞ্জ
common_voice_bn_31683929.mp3,উপেলা,উপজেলা
common_voice_bn_31684467.mp3,নামানুসারী,নামানুযায়ী
common_voice_bn_31684872.mp3,মনা্কীয়,নাটকীয়
common_voice_bn_31684872.mp3,ব্রাসোয়া।,ফ্রাসোয়া
common_voice_bn_31685288.mp3,বাংলাদেিশের,বাংলাদেশের
common_voice_bn_31687742.mp3,নবল,বল
common_voice_bn_31688896.mp3,পর্চায়,পর্দায়
common_voice_bn_31689141.mp3,মিরাসী,মিরাশী
common_voice_bn_31691688.mp3,অর্জনীয়,বর্জনীয়
common_voice_bn_31692143.mp3,ওতাগো,ওটাগো
common_voice_bn_31692879.mp3,তুন্ড,কুন্ড
common_voice_bn_31693310.mp3,আর্মসবা,আর্মসবি
common_voice_bn_31694181.mp3,শাসনবার,শাসনভার
common_voice_bn_31694673.mp3,ওল্টাডাঙ্গায়,উল্টাডাঙ্গা
common_voice_bn_31694836.mp3,সমাভূমিতে,সমভূমিতে
common_voice_bn_31695282.mp3,ডাল্বিউডাল্বিউডে,ডাল্বিউডাল্বিউএফ
common_voice_bn_31695282.mp3,ক্যাম্পিয়নশিক,চ্যাম্পিয়নশিপ
common_voice_bn_31695690.mp3,সনান্তরিত,স্থান্তরিত
common_voice_bn_31696594.mp3,ট্রিবয়নের,ট্রিয়নের
common_voice_bn_31697282.mp3,উর্ধুতি,উর্ধগতি
common_voice_bn_31698325.mp3,কারণেক,কারণে
common_voice_bn_31698432.mp3,মেলিবাস,মেলিটাস
common_voice_bn_31698432.mp3,উপলধ্ব।,উপলধ্বি
common_voice_bn_31700267.mp3,সরগাত,সরকার
common_voice_bn_31703211.mp3,অ্যাঙ্গোলীয়,অ্যাঙ্গোলায়
common_voice_bn_31703211.mp3,কঙ্গোলীয়,মঙ্গোলীয়
common_voice_bn_31703391.mp3,মেনুয়াল,মেন্টাল
common_voice_bn_31703391.mp3,নেগেটিবের,নেগেটিভের
common_voice_bn_31703780.mp3,পিএনপির,বিএনপির
common_voice_bn_31705082.mp3,মালিশিয়ার,মিলিশিয়ার
common_voice_bn_31707302.mp3,বড়পাপের,বড়মাপের
common_voice_bn_31707714.mp3,মজিরুদ্দিন,জমিরুদ্দিন
common_voice_bn_31707889.mp3,রেজিমেন্টি,রেজিমেন্ট
common_voice_bn_31710246.mp3,সিং্খলিত,স্খলিত
common_voice_bn_31711686.mp3,জৈনদর্শনের,জীবনদর্শনের
common_voice_bn_31712042.mp3,অ্যালার্জেনসনাকতি,কতি
common_voice_bn_31712133.mp3,ইষদ,ইদ
common_voice_bn_31712225.mp3,অদ্বৈতাচার্যের,অদ্বৈতাচার্য
common_voice_bn_31712622.mp3,।,ও
common_voice_bn_31712876.mp3,বিক্ষে,বিপক্ষে
common_voice_bn_31712895.mp3,অসামুদ্রিক,সামুদ্রিক
common_voice_bn_31712895.mp3,বিশসিত,বিশস্ত
common_voice_bn_31713336.mp3,আতালত,আদালত
common_voice_bn_31713911.mp3,ভিডিপির,জিডিপির
common_voice_bn_31714390.mp3,স্টিক্সএর,স্টিক্স
common_voice_bn_31714444.mp3,গোমাং,গোমাংস
common_voice_bn_31714485.mp3,কাস্টেমার,কাস্টমার
common_voice_bn_31714485.mp3,সারভিসে,সার্ভিসে
common_voice_bn_31715206.mp3,সমাস্তরাল,সমান্তরাল
common_voice_bn_31715556.mp3,গালেরিতে,ডায়েরিতে
common_voice_bn_31715891.mp3,ওতাগো,ওটাগো
common_voice_bn_31716544.mp3,আলজাওয়াহিরি,জাওয়াহিরি
common_voice_bn_31718766.mp3,অবভূমি,ভূমি
common_voice_bn_31718766.mp3,ভরূপতাত্বিক,ভূতাত্বিক
common_voice_bn_31720137.mp3,সংযোগস্থন।,সংযোগস্থল
common_voice_bn_31720180.mp3,অনু্ঠানে,অনুষ্ঠানে
common_voice_bn_31720597.mp3,অভিযগঠে,অভিযোগে
common_voice_bn_31721766.mp3,জমিতি,সমিতি
common_voice_bn_31723796.mp3,িক্ষামন্ত্রী,শিক্ষামন্ত্রী
common_voice_bn_31723796.mp3,শক্ষার,শিক্ষার
common_voice_bn_31727248.mp3,মাদাগাজকারের,মাদাগাস্কারের
common_voice_bn_31728416.mp3,দেওবন্দির,দেওবন্দের
common_voice_bn_31728416.mp3,দেওবন্দির,দেওবন্দের
common_voice_bn_31728929.mp3,বিজেপিএর,বিজেপির
common_voice_bn_31730524.mp3,আহষধান,আধান
common_voice_bn_31730692.mp3,ব্রমণ,ভ্রমণ
common_voice_bn_31731258.mp3,নিকোজ,নিকো
common_voice_bn_31731434.mp3,কন্ট্রাকশন,কনস্ট্রাকশন
common_voice_bn_31731434.mp3,ইরিগেশনে।,ইরিগেশন
common_voice_bn_31732188.mp3,অপরণের,অপরের
common_voice_bn_31733611.mp3,নৈপত্য,দৈত্য
common_voice_bn_31733720.mp3,ক্রিচার্ডসন,রিচার্ডসন
common_voice_bn_31733801.mp3,হ্রদগুলি,হ্রদগুলোর
common_voice_bn_31734800.mp3,খেলোযের,খেলোয়ার
common_voice_bn_31735949.mp3,আতশের,আঁশের
common_voice_bn_31736156.mp3,প্াথম,প্রথম
common_voice_bn_31737161.mp3,শই,ওই
common_voice_bn_31741226.mp3,বভাগে,বিভাগে
common_voice_bn_31741502.mp3,ল্যাবরেরি,ল্যাবরেটরি
common_voice_bn_31741502.mp3,যশেনানিবাসের,সেনানিবাসের
common_voice_bn_31741827.mp3,নকটপশ্চিমীদ্রুপতি,পতি
common_voice_bn_31741856.mp3,যোপুর,যোধপুর
common_voice_bn_31743030.mp3,আকাং্ষিত,আকর্ষিত
common_voice_bn_31743244.mp3,সেচ্চাসিব,সেচ্চাসেবক
common_voice_bn_31743407.mp3,মৃত্ুর,মৃত্যুর
common_voice_bn_31743426.mp3,ওষদুইটি,দুইটি
common_voice_bn_31743554.mp3,পুনোস্থাপন,পুনঃস্থাপন
common_voice_bn_31743923.mp3,স্টুডেন্স,স্টুডেন্ট
common_voice_bn_31745236.mp3,নাবাদীয়,নাবাতীয়
common_voice_bn_31745805.mp3,মেরিকা,আমেরিকা
common_voice_bn_31745948.mp3,শেষনে,শেষে
common_voice_bn_31750466.mp3,আশভাপপত্র,আসবাপপত্র
common_voice_bn_31751551.mp3,বাধ্যায়,বাধ্য
common_voice_bn_31751669.mp3,আবিদঙের,আবিদের
common_voice_bn_31753060.mp3,চেস্টারলিস্ট্রিটের,স্ট্রিটের
common_voice_bn_31754359.mp3,নুয়াকালী,নোয়াখালী
common_voice_bn_31756465.mp3,দারাবাহিকটে,ধারাবাহিকে
common_voice_bn_31757037.mp3,বার্লে।,বার্লিন
common_voice_bn_31757207.mp3,কারাবন্দ,কারাবন্দী
common_voice_bn_31758548.mp3,নবাপুর,নবাবপুর
common_voice_bn_31762111.mp3,ওকুর,কুর
common_voice_bn_31762284.mp3,পৌরপ্রশাসনের,পৌরপ্রধানের
common_voice_bn_31762284.mp3,নির্বাচনিক,নির্বাচনি
common_voice_bn_31763604.mp3,আদিবুদ্ধ,উদ্বুদ্ধ
common_voice_bn_31764239.mp3,আলআজহার,আজহার
common_voice_bn_31764596.mp3,উপলধ্ব।,উপলধ্বি
common_voice_bn_31765288.mp3,সেনাবাগ,সেনবাগ
common_voice_bn_31767045.mp3,সুরুষের,পুরুষের
common_voice_bn_31771843.mp3,শিক্ষকতাকালে,শিক্ষকতাকে
common_voice_bn_31774100.mp3,সংগরহিত,সংগ্রহিত
common_voice_bn_31777070.mp3,নৌঅবরোধ,অবরোধ
common_voice_bn_31777070.mp3,বেঙ্গে,ভেঙ্গে
common_voice_bn_31778227.mp3,ব্রামণবাড়িয়া,ব্রাহ্মণবাড়িয়া
common_voice_bn_31779454.mp3,নির্বাহীনী,নির্বাচনী
common_voice_bn_31782690.mp3,ার,আর
common_voice_bn_31784294.mp3,কাওয়ারে,টাওয়ারে
common_voice_bn_31786411.mp3,পাকালেরও,পরকালের
common_voice_bn_31786592.mp3,মরুজ,রুজ
common_voice_bn_31786955.mp3,চিরালায়।,নিরালায়
common_voice_bn_31788420.mp3,রক্তপূণিকা,রক্তকণিকা
common_voice_bn_31792299.mp3,জিটিএএর,জিটিএ
common_voice_bn_31795509.mp3,স্বয়চ্ছায়,স্বেচ্ছায়
common_voice_bn_31804077.mp3,।,ও
